INJENOVAS AUTOPEÇAS,Oficina mecanica,R,Bahia,286, Centro,Sabaudia, PR,86026-020,43,33290060
WERIK RODRIGUES DA SILVA,Oficina mecanica,R,Rio Amazonas,94, Jardim Santo Amaro,Sabaudia, PR,86185-280,43,996610737,984624714
OFICINA MECÂNICA,Oficina mecanica,R,Manueira Garcia,201, Centro,Sabaudia, PR,86720-000,,
OFICINA MECÂNICA,Oficina mecanica,R,Rui Barbosa,, Centro,Sabaudia, PR,86720-000,,
OFICINA MECÂNICA,Oficina mecanica,R,Jacomo Valério FUNDOS,, Centro,Sabaudia, PR,86720-000,,
OFICINA,Oficina mecanica,R,Jacomo Valério,80, Jardim Paraná,Sabaudia, PR,86720-000,,
OFICINA DE CARRO,Oficina mecanica,R,Jacomo Valério,73 SOBRADO /TERREO /DEPENDENCIA /, Centro,Sabaudia, PR,86720-000,,
OFICINA DE MOTO,Oficina mecanica,R,Jacomo Valério,39 FRENTE, Centro,Sabaudia, PR,86720-000,,
BICICLETARIA E MOTOS,Oficina mecanica,Av,Campos Salles FUNDOS,, Centro,Sabaudia, PR,86720-000,,
OFICINA MECÂNICA,Oficina mecanica,R,Olímpia,, Centro,Pitangueiras, PR,86613-000,,
OFICINA DE MOTO,Oficina mecanica,R,Sete de Setembro,, Centro,Pitangueiras, PR,86613-000,,
OFICINA MECÂNICA,Oficina mecanica,Av,Brasil,1015 FUNDOS, Centro,Cambira, PR,86890-000,,
OFICINA MECÂNICA AUTO DIESEL DUCAU,Oficina mecanica,R,Indústrias,, Parque Industrial,Cambira, PR,86890-000,43,34361553
JR VERRI E CIA,Oficina mecanica,Av,Brasil,360,,Cambira, PR,86890-000,43,34361317
AUTO MECÂNICA UNIÃO,Oficina mecanica,Av,Brasil,920,,Cambira, PR,86890-000,43,34361560
OFICINA,Oficina mecanica,Av,Brasil,2420 COMODO, Centro,Cambira, PR,86890-000,,
OFICINA DE MANUTENÇÃO,Oficina mecanica,Av,Brasil,2520 COMODO, Centro,Cambira, PR,86890-000,,
OFICINA DE MOTOS,Oficina mecanica,Av,Brasil,360 FRENTE, Centro,Cambira, PR,86890-000,,
OFICINA MECÂNICA,Oficina mecanica,R,Paul Percy Harris BARRACAO,, Parque Ind Riccieri Resquetti,Astorga, PR,86730-000,,
OFICINA MECÂNICA,Oficina mecanica,R,Rouxinol,66 FRENTE, Vila Olívia,Astorga, PR,86730-000,,
OFICINA MECÂNICA,Oficina mecanica,Av,São João,469, Vila Nova,Astorga, PR,86730-000,,
OFICINA MECÂNICA,Oficina mecanica,Av,Interventor Manoel Ribas,403 FRENTE, Centro,Astorga, PR,86730-000,,
OFICINA MECÂNICA,Oficina mecanica,Av,Rio de Janeiro,203, Vila Olívia,Astorga, PR,86730-000,,
OFICINA MECÂNICA,Oficina mecanica,R,José Abrahão Keide,1265 FRENTE, Vila Olívia,Astorga, PR,86730-000,,
OFICINA MECÂNICA,Oficina mecanica,R,Vereador Joaquim M Oliveira,, Vila Olívia,Astorga, PR,86730-000,,
OFICINA MECÂNICA DO WILSON,Oficina mecanica,R,Projetada A FRENTE,, Jardim Panorama II,Astorga, PR,86730-000,,
DORIVAL P SPADARI,Oficina mecanica,R,Fortaleza,99,,Astorga, PR,86730-000,44,32343353
OFICINA SPADARI,Oficina mecanica,Av,Caetano Munhoz da Rocha,159,,Astorga, PR,86730-000,44,32344820
AUTO ESCAPAMENTO PIRES,Oficina mecanica,Av,Presidente Getúlio Vargas,,,Astorga, PR,86730-000,44,32341181
STAPARI E TOLEDO,Oficina mecanica,R,Fortaleza,99,,Astorga, PR,86730-000,44,32342880
LMJ AUTO MECÂNICA,Oficina mecanica,Av,Contorno Sul,,,Astorga, PR,86730-000,44,32341151
OFICINA DE CARROS,Oficina mecanica,R,Góias,40, Centro,Astorga, PR,86730-000,,
MECÂNICA DE RADIADORES,Oficina mecanica,R,Paul Percy Harris,2 BARRACAO, Parque Ind Riccieri Resquetti,Astorga, PR,86730-000,,
TÓKIO IWASHITA,Oficina mecanica,Av,São João,651, Centro,Astorga, PR,86730-000,44,32344047
OFICINA,Oficina mecanica,R,Otoniel Machado,, Sol Nascente,Astorga, PR,86730-000,,
OFICINA DE CARROS,Oficina mecanica,R,Belém,281, Vila Nova,Astorga, PR,86730-000,,
SERVIÇOS PARA AUTOMÓVEIS,Oficina mecanica,R,Marechal Deodoro,259 FRENTE, Vila Zanin,Astorga, PR,86730-000,,
AUTOMECÂNICA LUIZ,Oficina mecanica,R,Fortaleza,110, Centro,Astorga, PR,86730-000,44,32342884
ASTORGA DIESEL,Oficina mecanica,Av,Contorno Sul,, Parque Industrial Iv,Astorga, PR,86730-000,44,32342504
AUTO MECÂNICA LUIZ,Oficina mecanica,R,Fortaleza,, Vila Nova,Astorga, PR,86730-000,,
OFICINA DE CARROS,Oficina mecanica,Av,São João,932 FRENTE, Vila Nova,Astorga, PR,86730-000,,
OFICINA DE CARROS,Oficina mecanica,R,Bela Vista,, Jardim Imperial,Astorga, PR,86730-000,,
OFICINA DE CARROS,Oficina mecanica,R,Fortaleza,, Vila Nova,Astorga, PR,86730-000,,
AUTOMECÂNICA RODOVIA,Oficina mecanica,Rod,PR-218,, Contorno Sul,Astorga, PR,86730-000,44,32341341
MECÂNICA EM GERAL,Oficina mecanica,Av,São João,1070 LOJA, Vila Nova,Astorga, PR,86730-000,,
AUTO MECÂNICA TÓKIO,Oficina mecanica,Av,São João,, Vila Nova,Astorga, PR,86730-000,,
AUTO OFICINA DROZINO,Oficina mecanica,Av,Caetano Munhoz Rocha,933, Centro,Astorga, PR,86730-000,44,32343263
OFICINA PROGRESSO,Oficina mecanica,Rod,PR-218 km-1,, Contorno Sul,Astorga, PR,86730-000,44,32344156
OFICINA DE AUTOMÓVEIS,Oficina mecanica,R,Belém,, Bela Vista,Astorga, PR,86730-000,,
AUTOELÉTRICA E MECÂNICA IRMÃOS MOREIRA,Oficina mecanica,R,Princesa Izabel,19, Nova América,Astorga, PR,86730-000,44,32342707
BRUSCAR VEÍCULOS,Oficina mecanica,R,Presidente Epitácio,1398, Vila Nova Astorga,Astorga, PR,86730-000,44,32343174
OFICINA DE MOTOS,Oficina mecanica,R,Xavantes,136, Vila Edmundo Rother,Astorga, PR,86730-000,,
J N DA SILVA AUTOMOTORES,Oficina mecanica,R,Projetada B,, Parque Industrial,Astorga, PR,86730-000,44,32341163
JÚNIOR MOTOS,Oficina mecanica,R,Souza Naves,136, Vila Zannin,Astorga, PR,86730-000,44,32341912
OFICINA MECÂNICA 3 IRMÃOS,Oficina mecanica,Av,Getúlio Vargas,449,,California, PR,86820-000,43,34291554
MECÂNICA DO PIVETE,Oficina mecanica,Av,Ponta Grossa,, Parque Industrial,California, PR,86820-000,43,34291517
OFICINA DO ROBERTO,Oficina mecanica,Av,Ponta Grossa,514, Parque Industrial,California, PR,86820-000,43,34291499
OFICINA DE CARROS,Oficina mecanica,Av,Ponta Grossa,644 TERREO, Centro,California, PR,86820-000,,
AUTOPEÇAS MARILÂNDIA,Oficina mecanica,Av,Ponta Grossa,155, Parque Industrial,California, PR,86820-000,43,34291128
OFICINA MECÂNICA,Oficina mecanica,R,Roberto Rezende Chaves,100 BARRACAO, Centro,Jandaia do sul, PR,86900-000,,
OFICINA MECÂNICA,Oficina mecanica,R,Joaquim Jose De Almeida Filho,, Centro,Jandaia do sul, PR,86900-000,,
OFICINA MECÂNICA,Oficina mecanica,Av,Getúlio Vargas,470 TERREO, Centro,Jandaia do sul, PR,86900-000,,
OFICINA MECÂNICA,Oficina mecanica,R,Newton Marques da Silva,573 TERREO, Centro,Jandaia do sul, PR,86900-000,,
OFICINA MECÂNICA,Oficina mecanica,Av,Anunciato Sonni,3641, Saída Pará Bom Sucesso,Jandaia do sul, PR,86900-000,,
OFICINA MECÂNICA,Oficina mecanica,Av,Anunciato Sonni BARRACAO,, Saída Pará Bom Sucesso,Jandaia do sul, PR,86900-000,,
OFICINA MECÂNICA,Oficina mecanica,R,João Ruiz Galian,, Centro,Jandaia do sul, PR,86900-000,,
OFICINA MECÂNICA,Oficina mecanica,R,Benedito José da Silva,434, Vila Rica,Jandaia do sul, PR,86900-000,,
OFICINA MECÂNICA,Oficina mecanica,R,Antônio Milani,, Vila Rica,Jandaia do sul, PR,86900-000,,
OFICINA MECÂNICA DO CARNEIRO,Oficina mecanica,Av,Anunciato Sonni,2449,,Jandaia do sul, PR,86900-000,43,34323154
OFICINA MECÂNICA COGO,Oficina mecanica,R,João Ruiz Galian,479,,Jandaia do sul, PR,86900-000,43,34321635
OFICINA MECÂNICA DE CARROS,Oficina mecanica,Av,Anunciato Sonni,, Centro,Jandaia do sul, PR,86900-000,,
BARQUEIRO OFICINA MECÂNICA,Oficina mecanica,R,Tancredo Neves 279 FUNDOS,1, Centro,Jandaia do sul, PR,86900-000,,
OFICINA MECÂNICA MAREZE,Oficina mecanica,R,Cândido Rondon,1341 FRENTE, Centro,Jandaia do sul, PR,86900-000,,
OFICINA MECÂNICA CAMINHÕES,Oficina mecanica,Rod,BR 369,, Vila Paiao,Jandaia do sul, PR,86900-000,,
OFICINA MECÂNICA DE CAMINHÕES,Oficina mecanica,Rod,BR 369,, Vila Paiao,Jandaia do sul, PR,86900-000,,
OSVALDO LOPES DA SILVA,Oficina mecanica,R,Senador Souza Naves,1093,,Jandaia do sul, PR,86900-000,43,34321724
OFICINA DO MANÉ,Oficina mecanica,Av,Tancredo Almeida Neves,667,,Jandaia do sul, PR,86900-000,43,34321794
AUTO MECÂNICA JANDACAR,Oficina mecanica,Av,Anunciato Sonni,2084,,Jandaia do sul, PR,86900-000,43,34324177
NEUSA T F S OLIVEIRA,Oficina mecanica,R,Paião,,,Jandaia do sul, PR,86900-000,43,34323663
JANDAIA DIESEL,Oficina mecanica,Rod,BR-376 460,,,Jandaia do sul, PR,86900-000,43,34321350
AUTO MECÂNICA,Oficina mecanica,R,Senador Souza Naves,1093, Centro,Jandaia do sul, PR,86900-000,,
TRATA SE DE GARAGEM UZADA COMO OFICINA,Oficina mecanica,R,Otávio Sonni,349, Centro,Jandaia do sul, PR,86900-000,,
DMI AUTOCENTER,Oficina mecanica,Av,Anunciato Sonni,2050, Conjunto Guadalajara,Jandaia do sul, PR,86900-000,43,34326082
AUTO MECÂNICA PARATI,Oficina mecanica,R,Senador Souza Naves,117, Centro,Jandaia do sul, PR,86900-000,43,34321907
OFICINA,Oficina mecanica,R,João Dias Nascimento,445 FUNDOS, Centro,Jandaia do sul, PR,86900-000,,
OFICINA AUTOMÓVEIS,Oficina mecanica,R,Dilio Ferreira,3, Jardim Morumbi,Jandaia do sul, PR,86900-000,,
OFICINA DE AUTOS,Oficina mecanica,Av,Anuciato Sonni,3248, Parque Industrial 1,Jandaia do sul, PR,86900-000,,
OFICINA DE AUTOMÓVEIS,Oficina mecanica,R,João Moreira Branco,190 SALA b, Centro,Jandaia do sul, PR,86900-000,,
CHAPLIN MOTOS,Oficina mecanica,Av,Anunciato Sonni,2084,,Jandaia do sul, PR,86900-000,43,34323522
MOTOCAR MOTO PEÇAS,Oficina mecanica,Av,Anunciato Sonni,1499,,Jandaia do sul, PR,86900-000,,
OFICINA MECÂNICA DETOMASI,Oficina mecanica,Av,Tancredo Almeida Neves,318, Sede,Jandaia do sul, PR,86900-000,43,34328732
OFICINA MECÂNICA E FERRO VELHO REAL,Oficina mecanica,Av,Tancredo Almeida Neves,386,,Jandaia do sul, PR,86900-000,43,34323022
OFICINA MECÂNICA,Oficina mecanica,R,São Francisco FRENTE,, Vila Paraíso,Marilandia do sul, PR,86825-000,,
OFICINA MECÂNICA,Oficina mecanica,R,Santa Rosa FRENTE,, Vila Paraíso,Marilandia do sul, PR,86825-000,,
OFICINA MECÂNICA,Oficina mecanica,Av,Japão OUTROS,, Jardim Tókio,Marilandia do sul, PR,86825-000,,
OFICINA MECÂNICA,Oficina mecanica,R,São Francisco,410, Vila Paraíso,Marilandia do sul, PR,86825-000,,
OFICINA MECÂNICA,Oficina mecanica,Rod,do Café Br 376,, Leão do Norte,Marilandia do sul, PR,86825-000,,
OFICINA MECÂNICA DE AUTOMÓVEIS,Oficina mecanica,Av,,03 de Outubro, Centro,Marilandia do sul, PR,86825-000,,
OFICINA MECÂNICA WOGT,Oficina mecanica,Av,Santiago Lopes José,320, Centro,Marilandia do sul, PR,86825-000,,
MS MOTO AUTOELÉTRICA,Oficina mecanica,Av,,3 de Outubro lt-3,,Marilandia do sul, PR,86825-000,43,34281609
OFICINA ODAIR,Oficina mecanica,Av,Brasil,325,,Marilandia do sul, PR,86825-000,43,34281309
OFICINA MECÂNICA E AUTO ELÉTRICA,Oficina mecanica,Av,,03 de Outubro FRENTE, Centro,Marilandia do sul, PR,86825-000,,
OFICINA MECÂNICA,Oficina mecanica,Av,Porecatu,, Cidade Ferreira,Prado ferreira, PR,86618-000,,
OFICINA MECÂNICA,Oficina mecanica,R,Vereador Pedro Silva,, Cidade Ferreira,Prado ferreira, PR,86618-000,,
GILBERTO DIAS DA SILVA,Oficina mecanica,Av,Porecatu,120,,Prado ferreira, PR,86618-000,43,32441233
LIBANIO DE PAULO,Oficina mecanica,Av,Porecatu,140,,Prado ferreira, PR,86618-000,43,32441235
MECÂNICA,Oficina mecanica,R,Minas Gerais,, Centro,Prado ferreira, PR,86618-000,,
AUTO MECÂNICA SILVA,Oficina mecanica,Av,Porecatu,120 RODOVIA, Centro,Prado ferreira, PR,86618-000,,
OFICINA MECÂNICA,Oficina mecanica,R,Joaquim Ferreira Silva,, Centro,Novo itacolomi, PR,86895-000,,
OFICINA MECÂNICA,Oficina mecanica,Av,Vinte e Oito Setembro,404, Centro,Novo itacolomi, PR,86895-000,,
OFICINA MECÂNICA DO MAURÍCIO,Oficina mecanica,R,Aleixo dos Santos,, Centro,Novo itacolomi, PR,86895-000,,
OFICINA,Oficina mecanica,R,Sílvio Rossato,, Centro,Novo itacolomi, PR,86895-000,,
OFICINA DE MOTO,Oficina mecanica,R,Florindo Picoli FRENTE,, Centro,Novo itacolomi, PR,86895-000,,
OFICINA MECÂNICA,Oficina mecanica,R,São Paulo,40 GARAGEM, Centro,Miraselva, PR,86615-000,,
OFICINA,Oficina mecanica,R,Ernesto Maetiazi,, Centro,Miraselva, PR,86615-000,,
OFICINA MECÂNICA,Oficina mecanica,R,Interventor Manuel Ribas FRENTE,, Centro,Marumbi, PR,86910-000,,
OFICINA MECÂNICA,Oficina mecanica,R,Rui Barbosa,498 FRENTE, Centro,Marumbi, PR,86910-000,,
OFICINA MECÂNICA,Oficina mecanica,R,João Fuzetti,508, Centro,Marumbi, PR,86910-000,,
OFICINA MECÂNICA CONSERTO DE MOTOS,Oficina mecanica,R,João Fuzetti,330, Centro,Marumbi, PR,86910-000,,
HÉLIO CAMPITELLI CIA,Oficina mecanica,Av,Tiradentes,1011,,Marumbi, PR,86910-000,43,34411222
MARCOI DE NES,Oficina mecanica,Av,Sete de Setembro,889,,Marumbi, PR,86910-000,43,34411721
OFICINA DE CARRO,Oficina mecanica,R,Minas Gerais,, Centro,Marumbi, PR,86910-000,,
OFICINA MOTO,Oficina mecanica,R,de Caxias,198, Centro,Marumbi, PR,86910-000,,
OFICINA MECÂNICA,Oficina mecanica,R,Rio Grande do Sul,340, Centro,Jaguapita, PR,86610-000,,
OFICINA MECÂNICA,Oficina mecanica,R,Rio Grande do Sul,, 04,Jaguapita, PR,86610-000,,
OFICINA MECÂNICA,Oficina mecanica,Av,Minas Gerais,201, Centro,Jaguapita, PR,86610-000,,
OFICINA MECÂNICA,Oficina mecanica,R,Bahia,, Centro,Jaguapita, PR,86610-000,,
OFICINA MECÂNICA,Oficina mecanica,Av,Paraná,, Centro,Jaguapita, PR,86610-000,,
OFICINA MECÂNICA,Oficina mecanica,R,Astorga,265, Centro,Jaguapita, PR,86610-000,,
OFICINA MECÂNICA,Oficina mecanica,R,Goiás,420, 20,Jaguapita, PR,86610-000,,
OFICINA MECÂNICA,Oficina mecanica,Rod,Jaguapita A Astorga,, Água São José,Jaguapita, PR,86610-000,,
OFICINA MECÂNICA,Oficina mecanica,Av,Paraná,221, 10,Jaguapita, PR,86610-000,,
OFICINA MECÂNICA DE CARROS,Oficina mecanica,Rod,Pr 340,, 04,Jaguapita, PR,86610-000,,
OFICINA MECÂNICA JAGUAPITA,Oficina mecanica,Av,Paraná,1095, Centro,Jaguapita, PR,86610-000,43,32722317
OFICINA MECÂNICA TAVARES,Oficina mecanica,Av,Minas Gerais,311, Centro,Jaguapita, PR,86610-000,,
OFICINA DO GERSON,Oficina mecanica,R,Londrina,186,,Jaguapita, PR,86610-000,43,32721760
BETÃO MECÂNICO,Oficina mecanica,R,Astorga,265,,Jaguapita, PR,86610-000,43,32721127
MECÂNICA DE AUTOMÓVEIS,Oficina mecanica,R,Fernão Dias,, 09,Jaguapita, PR,86610-000,,
AGRO MECÂNICA AMADEU,Oficina mecanica,Av,Paraná,787, Centro,Jaguapita, PR,86610-000,43,32721221
OFICINA TAVARES,Oficina mecanica,Av,Minas Gerais,311, Centro,Jaguapita, PR,86610-000,,
IRMÃOS MANZAN,Oficina mecanica,Av,Paraná,877, Centro,Jaguapita, PR,86610-000,43,32721757
MECÂNICA DE AUTOMÓVEIS,Oficina mecanica,Av,Paraná,, 09,Jaguapita, PR,86610-000,,
OFICINA PRA MOTOS,Oficina mecanica,Av,Manoel Ribas,171 FRENTE, 04,Jaguapita, PR,86610-000,,
MOTO MEL CONCERTOS,Oficina mecanica,R,João Antônio de Morais 470 FUNDOS,1, 04,Jaguapita, PR,86610-000,,
OFICINA MECÂNICA FERNANDES,Oficina mecanica,Av,Minas Gerais,201 FDS, Centro,Jaguapita, PR,86610-000,43,984015165,984015219,984034968
OFICINA MECÂNICA,Oficina mecanica,Rod,Pr546 FRENTE,, Loteamento Vila Nova,Bom sucesso, PR,86940-000,,
OFICINA MECÂNICA,Oficina mecanica,R,Pedro Silveira,542, Centro,Bom sucesso, PR,86940-000,,
OFICINA MECÂNICA,Oficina mecanica,R,Hiromassa Yokoyama,, Centro,Bom sucesso, PR,86940-000,,
OFICINA MECÂNICA ELIO,Oficina mecanica,R,Nahur Vanzella FUNDOS,, Centro,Bom sucesso, PR,86940-000,,
AUTO MECÂNICA SILVA,Oficina mecanica,Rod,BR-369 km-1040,,,Bom sucesso, PR,86940-000,43,34421433
AUTO MECÂNICA PARANÁ,Oficina mecanica,Rod,BR 369 KM 14 BOM SUCESSO IT,, Zona Rural,Bom sucesso, PR,86940-000,,
AUTO MECÂNICA SILVA,Oficina mecanica,Rod,BR 369 Km 1,, Vila Bom Fim,Bom sucesso, PR,86940-000,,
AUTO MECÂNICA E FUNILARIA,Oficina mecanica,Rod,Br369 278,, Centro,Bom sucesso, PR,86940-000,,
OFICINA DE MOTO,Oficina mecanica,R,Nahur Vanzella FRENTE,, Centro,Bom sucesso, PR,86940-000,,
OFICINA MECÂNICA,Oficina mecanica,R,Evencio Severino Ferreira,, Centro,Rio bom, PR,86830-000,,
OFICINA MECÂNICA,Oficina mecanica,R,Doutor Rebouças,546, Centro,Rio bom, PR,86830-000,,
OFICINA,Oficina mecanica,Av,Rio Grande do Sul,315 FRENTE, Centro,Rio bom, PR,86830-000,,
OFICINA,Oficina mecanica,Av,Rio Grande do Sul,297 FRENTE, Centro,Rio bom, PR,86830-000,,
OFICINA,Oficina mecanica,R,José Francisco dos Santos,, Centro,Rio bom, PR,86830-000,,
OFICINA,Oficina mecanica,Av,Jitiswti Kishino FRENTE,, Centro,Rio bom, PR,86830-000,,
OFICINA,Oficina mecanica,Av,Jitiswti Kishino,289 FRENTE, Centro,Rio bom, PR,86830-000,,
OFICINA MECÂNICA,Oficina mecanica,Av,7 de Setembro,78 FRENTE, Centro,Maua da serra, PR,86828-000,,
OFICINA DE TORNEARIA MECÂNICA,Oficina mecanica,Av,Ponta Grossa,, Centro,Maua da serra, PR,86828-000,,
OFICINA MECÂNICA DE AUTOMÓVEIS LEVES E P,Oficina mecanica,Av,Ponta Grossa,, Centro,Maua da serra, PR,86828-000,,
OFICINA,Oficina mecanica,R,Leodantes Fonseca,, Centro,Maua da serra, PR,86828-000,,
OFICINA,Oficina mecanica,Rod,Br 376 CASA,, Rio Preto,Maua da serra, PR,86828-000,,
STOP TRUCK MECÂNICA DIESEL,Oficina mecanica,Rod,BR-376 km-296,, Centro,Maua da serra, PR,86828-000,43,34641692
AUTO MECÂNICA CARLÃO,Oficina mecanica,R,Luís Franciscon,80, Centro,Maua da serra, PR,86828-000,,
AUTO MECÂNICA GODAS,Oficina mecanica,Av,Ponta Grossa,57, Centro,Maua da serra, PR,86828-000,43,34641316
OFICINA DE AUTOS DE PASSEIO,Oficina mecanica,R,Maringá,213, Conjunto Inaci Santana,Maua da serra, PR,86828-000,,
MECÂNICA,Oficina mecanica,R,Tibagi,, Jardim São Luiz,Maua da serra, PR,86828-000,,
CONSERTO DE CAMINHÕES,Oficina mecanica,Av,Ponta Grossa,, Centro,Maua da serra, PR,86828-000,,
OFICINA DE MOTOS ALIMOTOS,Oficina mecanica,R,São Pedro,166, Jardim São Luiz,Maua da serra, PR,86828-000,,
OFICINA MECÂNICA MAUAENSE,Oficina mecanica,Av,Ponta Grossa,, Centro,Maua da serra, PR,86828-000,43,34612356,36611325
THOR RECUPERADORA,centro automotivo,R,Pirapó,125, Vila Zanetti,Sabaudia, PR,86025-320,43,33250656,33560656
THIAGO FELIPE C ZAGO - AUTO ELÉTRICA,centro automotivo,Av,Campos Sales,365, Parque Industrial,Sabaudia, PR,86720-000,43,996754825
ELIANI DIAS DA ROCHA,centro automotivo,Rod,PR 218 KM 8 SALAO A SN ESTR,, Rodovia,Sabaudia, PR,86720-000,44,32512336,25123360
M GRADE,centro automotivo,Av,Campos Salles 7 Q,7, Conjunto Área Saboia,Sabaudia, PR,86720-000,43,988222740,33442654,33790515
JOSÉ ACIR BISTERCO,centro automotivo,R,Jacomo Valério,62 FDS, Centro,Sabaudia, PR,86720-000,43,999197996
SÍLVIO SALVADOR,centro automotivo,R,Manoel de Brito,68, Centro,Sabaudia, PR,86720-000,44,32511109
K3 AUTO CENTER,centro automotivo,Av,Brasil,50 BARRACAO, Centro,Cambira, PR,86890-000,,
NELMAR ACESSORIOS,centro automotivo,Av,Mauá,1660, Zona 03,Astorga, PR,87050-020,44,32695976
PASQUINI & VALENTIM,centro automotivo,R,Projetada A Q 3 LT 3 SN BRCAO,1, Parque Industrial,Astorga, PR,86730-000,44,999290215
ANTÔNIO CARLOS LOCATELI,centro automotivo,R,Belém,79, Jardim Verelena,Astorga, PR,86730-000,44,32341105
P V COMÉRCIO DE AUTOPEÇAS,centro automotivo,Rod,PR-218 km-1,, Contorno Sul,Astorga, PR,86730-000,44,32343223
FUNILARIA  PINTURA E MECÂNICA RODRIGUES,centro automotivo,R,,3 Projetada A, Parque Ind 4,Astorga, PR,86730-000,44,32344894
AUTO OFICINA V C LOPES,centro automotivo,Rod,PR 218 Km 01,, Parque Industrial I,Astorga, PR,86730-000,44,32343175
EDSON DROZINO,centro automotivo,R,Lnossa Senhora Aparecida,188 FDS, Jardim Paraná,Astorga, PR,86730-000,44,32343798
LAVA JATO MAYKON,centro automotivo,R,São Pedro,, Vila São Benedito,Astorga, PR,86730-000,44,999101335
AUTO PEÇAS VICENTIN,centro automotivo,Av,Getúlio Vargas,534, Centro,Astorga, PR,86730-000,44,32343561
LETO'S CAR,centro automotivo,R,Nove de Julho,620, Via Moreira,Astorga, PR,86730-000,44,31340223,31340552,32343838
JET LAVA CAR,centro automotivo,Av,Presidente Epitácio,1384 GALPAO, Centro,Astorga, PR,86730-000,44,32341304,999647032
CENTRO AUTOMOTIVO SCHUTZ,centro automotivo,Av,Caetano Munhoz Rocha,69, Centro,Astorga, PR,86730-000,44,32343241
V.I.P. CENTRO AUTOMOTIVO,centro automotivo,Av,São João,598, Vila Zanin,Astorga, PR,86730-000,44,32341160
AUTO CENTER BATISTA,centro automotivo,Av,Getúlio Vargas,394,,California, PR,86820-000,,
MECÂNICA R R RECUPERAÇÃO DE VEÍCULOS,centro automotivo,Av,Ponta Grossa,1010, Centro,California, PR,86820-000,43,30470707
RODOPEÇAS PEÇAS P/ CAMINHÕES,centro automotivo,Rod,BR-376 440 km-220,,,Jandaia do sul, PR,86900-000,43,34321763,34323459
AUTO PEÇAS BARÃO,centro automotivo,Rod,BR 376,,,Jandaia do sul, PR,86900-000,43,34322001
NAVES & NOGUEIRA NAVES,centro automotivo,R,Humorista,177, Centro,Jandaia do sul, PR,86900-000,,
MECÂNICA JOTA DIESEL,centro automotivo,Rod,BR 376 211 KM 220,, Vila Paiao,Jandaia do sul, PR,86900-000,43,999176891
POSTO MOLA VALE DO IVAI,centro automotivo,Rod,BR 376 Km 220 221,, Vila Paiao,Jandaia do sul, PR,86900-000,43,991041122,991041124,991041136
NARDINE & ESTEVAN,centro automotivo,R,José Maria Paula,790, Centro,Jandaia do sul, PR,86900-000,43,34321480
AFONSO CAETANO,centro automotivo,R,Doutor Clementino Schiavon Puppi,1299 ap-2, Centro,Jandaia do sul, PR,86900-000,43,34321969
MECÂNICA PIERRE,centro automotivo,R,João Ruiz Galean,479 FDS, Centro,Jandaia do sul, PR,86900-000,43,34323501,34321635
CENTER CAR CENTRO AUTOMOTIVO,centro automotivo,R,Clementino S Puppi,992, Centro,Jandaia do sul, PR,86900-000,43,34323207,999530280,999537134
AUTOPEÇAS MARILÂNDIA,centro automotivo,Av,3 de Outubro,327 fds,,Marilandia do sul, PR,86825-000,43,34281107
AUTO MECÂNICA WW,centro automotivo,R,3 de Outubro,341, Parque Industrial Menegotto,Marilandia do sul, PR,86825-000,43,34281186,999020183,999020185
OFICINA LEÃO DO NORTE,centro automotivo,Rod,BR 376,, Leão do Norte,Marilandia do sul, PR,86825-000,43,999352451,999352446,999352448
MARCOS ANTÔNIO FERREIRA,centro automotivo,Av,28 de Setembro 1081 AND,1, Parque Industrial,Novo itacolomi, PR,86895-000,43,991739150
MECÂNICA DO CATARINO,centro automotivo,R,João Fuzetti,508, Centro,Marumbi, PR,86910-000,43,34411224
ONIEL LEONARDO DA SILVA,centro automotivo,Av,Bandeirantes,789 TER, Centro,Jaguapita, PR,86610-000,43,996298334
MARCELO VIOLI,centro automotivo,Av,Bandeirantes,521, Centro,Jaguapita, PR,86610-000,43,999228855
AUTOPEÇAS ROSMERI ZAMBONATTO,centro automotivo,Av,Paraná,754, Centro,Jaguapita, PR,86610-000,43,32721325
AUTOPEÇAS LÉLIO,centro automotivo,Av,Paraná,361, Centro,Jaguapita, PR,86610-000,43,32721594,32721744,32722333
AUTO MECÂNICA E ELÉTRICA H,centro automotivo,Rod,Nestor Ananias da Cruz Pr 340,, Parque Ind 2,Jaguapita, PR,86610-000,43,32722106
CALDINI & MASSARENTE,centro automotivo,Rod,BR-369,,,Bom sucesso, PR,86940-000,43,34421449
EDNA PEREIRA DE QUADROS,centro automotivo,Av,Júlio Alves Machado,63,,Bom sucesso, PR,86940-000,,
CENTRO AUTOMOTIVO SM RECUPERADORA EM GERAL.,centro automotivo,R,Santa Rita,124, Vila Nossa Senhora da Aparecida,Rio bom, PR,86810-020,43,34235561,996825058,998129204
OFICINA SÃO CARLOS,centro automotivo,R,Nova Ukrânia 95 AP,1, Vila Nossa Senhora da Conceição,Rio bom, PR,86802-500,43,991142162,991456716,991522576
BATS CAR-MECANICA E COMÉRCIO DE PEÇAS P/ AUTOS,centro automotivo,R,Grande Alexandre,390, Jardim Independência,Rio bom, PR,86811-270,43,999317784,996353200,999317785
S.V. LUBRIFICANTES E FILTROS,centro automotivo,R,Doutor Oswaldo Cruz 1843 CS,1843, Vila Vitória,Rio bom, PR,86802-260,43,34229026
KOSY MOTO PEÇAS,centro automotivo,Av,Minas Gerais,2897, Vila São Miguel,Rio bom, PR,86812-490,43,34236066
POSTO DE MOLAS OSTRUKA,centro automotivo,R,Humberto Vendramel,330, Jardim Independência,Rio bom, PR,86811-250,43,34237547
RENEE LINO PEREIRA,centro automotivo,Av,Minas Gerais,2560 FDS, Vila São Miguel,Rio bom, PR,86812-490,43,999750448,999751163,999752387
SADA LAVA CAR,centro automotivo,R,Ítalo Ado Fontanini CS,1128, Vila São Paulo,Rio bom, PR,86800-630,43,30337181
EGR,centro automotivo,R,Doutor Oswaldo Cruz 1100 AP,301 O, Centro,Rio bom, PR,86800-720,43,999233582
RETIFICADORA ASSAMA,centro automotivo,Av,Minas Gerais,1970, Jardim Apucarana,Rio bom, PR,86808-015,43,34237799
TIP DISTRIBUIDORA DE PEÇAS E ACESSÓRIOS,centro automotivo,Av,Minas Gerais,1972, Jardim Apucarana,Rio bom, PR,86808-015,43,34256792
GASPARETTO PEÇAS SERVIÇOS AUTOMOTIVOS,centro automotivo,R,Padre Severino Cerutti,500, Vila São José,Rio bom, PR,86808-080,43,34227114
PERFECT AUTOPEÇAS,centro automotivo,Av,Minas Gerais,1802, Jardim Apucarana,Rio bom, PR,86808-015,43,34258997
J H BALLAN E CIA,centro automotivo,R,Noboru Fukuchima,, Vila São Carlos,Rio bom, PR,86800-350,43,34227348,34245921,34253070
PIT STOP CAR,centro automotivo,R,Doutor Nagib Daher,934, Centro,Rio bom, PR,86800-040,43,34220423
BOTICAR,centro automotivo,R,Doutor Nagib Daher,1005 s-4, Centro,Rio bom, PR,86800-040,43,34227839
AUTO FREIOS STOP CAR,centro automotivo,Av,Governador Roberto da Silveira,590, Barra Funda,Rio bom, PR,86800-520,43,34225311
IGUAÇU AUTO CENTER,centro automotivo,Av,Minas Gerais,1448, Jardim Apucarana,Rio bom, PR,86808-015,43,34262279
HIPERBATTERY,centro automotivo,Av,Governador Roberto da Silveira,414, Barra Funda,Rio bom, PR,86800-520,43,34230777,30337007
SÔNIA A SILVA,centro automotivo,R,Lapa,217, Centro,Rio bom, PR,86800-310,43,34226482
DETROIT COMÉRCIO E REPRESENTAÇÃO DE ACES,centro automotivo,R,Rio Corumbataí,354, Núcleo Habitacional Papa João Paulo I,Rio bom, PR,86801-040,43,34262384
CHIQUINHO AUTO CENTER,centro automotivo,Av,Minas Gerais 1330 SL,3, Jardim Apucarana,Rio bom, PR,86808-015,43,988138287
VANDERLEI PAULA DE ALMEIDA,centro automotivo,R,Lapa,37 A, Centro,Rio bom, PR,86800-310,43,999840038
DAKAR AUTOMÓVEIS,centro automotivo,Av,Corifeu de Azevedo Marques,135, Centro,Rio bom, PR,86800-230,43,21028588
JEFFERSON ROBERTO ROMANO,centro automotivo,Av,Irati,60, Barra Funda,Rio bom, PR,86800-220,43,34231356
PRESENCE MOTOS E VEÍCULOS,centro automotivo,Av,Curitiba,1538, Centro,Rio bom, PR,86800-005,43,34240094
RAC DA SILVA & CIA,centro automotivo,Pc,Interventor Manoel Ribas 125,6, Centro,Rio bom, PR,86800-680,43,34222670
FAMA DO BRASIL INDÚSTRIA DE MOLAS E AUTO PEÇAS,centro automotivo,R,Orquídea km 365,, Jardim das Flores I,Rio bom, PR,86810-250,43,34209002
VALDINEI JOSÉ DA COSTA,centro automotivo,Rod,BR-376 KM 7,, Vila São Francisco,Rio bom, PR,86813-240,43,34241374,34232063,996371373
AUTOPEÇAS IMBATIVEL IMPORTAÇÃO E EXPORT,centro automotivo,Av,Curitiba,2081, Centro,Rio bom, PR,86800-005,43,34223695
FR LATARIAS,centro automotivo,Av,Rio de Janeiro,152, Jardim Apucarana,Rio bom, PR,86808-010,43,34223713
AUTOPEÇAS GARCIA,centro automotivo,Av,Rio de Janeiro,43, Jardim Apucarana,Rio bom, PR,86808-010,43,34228655,30332088,30332089
BIDOIA AUTOMÓVEIS,centro automotivo,R,Firman Neto,600 A, Vila São José,Rio bom, PR,86808-020,43,34240472,984056518,984056520
LARA CENTRO AUTOMOTIVO E BORRACHARIA,centro automotivo,R,Firman Neto,604, Vila São José,Rio bom, PR,86808-020,43,30332611,991514803,991514804
JOAB N FERREIRA,centro automotivo,R,São Paulo,187, Vila Feliz,Rio bom, PR,86808-070,43,34225948
ROTARK AUTOPEÇAS,centro automotivo,R,São Paulo,187, Vila Feliz,Rio bom, PR,86808-070,43,34234477
G4 AUTO CENTER,centro automotivo,Av,Pirapó,180, Barra Funda,Rio bom, PR,86800-500,43,30334464
MORO CAR AMORTECEDORES E MOLAS,centro automotivo,Av,Pirapó,22, Barra Funda,Rio bom, PR,86800-500,43,34234050,30335030
AUTOPEÇAS LUZITANA,centro automotivo,Av,Irati,400, Barra Funda,Rio bom, PR,86800-220,43,34231466,34231499
B. A. - CENTRO DE ESTÉTICA AUTOMOTIVA,centro automotivo,Av,Minas Gerais,999, Jardim Apucarana,Rio bom, PR,86804-000,43,999148237
PARATI CENTER SOUD,centro automotivo,Av,Minas Gerais,975, Jardim Apucarana,Rio bom, PR,86804-000,43,30332809
SARTORI E LIVRARI,centro automotivo,R,Caetano Lopes Pineda,75, Jardim Apucarana,Rio bom, PR,86804-270,43,30331855,34240444,991053439
CENTRO AUTOMOTIVO APUCARANA,centro automotivo,Av,Minas Gerais,908, Jardim Apucarana,Rio bom, PR,86804-000,43,34242905
POSTO DE MOLAS APUCARANA,centro automotivo,R,Rio Grande do Sul,780, Jardim Apucarana,Rio bom, PR,86804-390,43,34225478
OFICINA 14,centro automotivo,R,Rio Grande do Sul,825, Jardim Apucarana,Rio bom, PR,86804-390,43,34225339,34240014
AUTOPECAS GERSON,centro automotivo,Av,Minas Gerais,821, Jardim Apucarana,Rio bom, PR,86804-000,43,34227811
COMERCIAL ELITE,centro automotivo,Av,Curitiba,221, Centro,Rio bom, PR,86800-005,43,31224865
M. R. FÉLIX - MECÂNICA,centro automotivo,R,Antônio José de Oliveira,200 TER, Barra Funda,Rio bom, PR,86800-490,,
TACOGRAFOS APUCARANA VELOCIMETROS AUTORIZADO INMETROS,centro automotivo,R,Desembargador Clotário Portugal,384, Centro,Rio bom, PR,86800-020,43,30333010
AUTOPEÇAS PARANÁ,centro automotivo,Av,Curitiba,4, Centro,Rio bom, PR,86800-005,43,34234292
POLAKO AUTOPEÇAS,centro automotivo,Av,Brasil,1888,,Rio bom, PR,86925-000,43,34521487
COMÉRCIO DE AUTOPEÇAS AMARO,centro automotivo,Av,Paraná,,,Rio bom, PR,86925-000,43,34521416
HOSP E FERRAGINI,centro automotivo,Av,Espírito Santo,625, Jardim Apucarana,Rio bom, PR,86804-370,43,31220445
GABARDO E NOGUEIRA LAVAGEM E SERVIÇOS,centro automotivo,R,Rio Grande do Sul SL,15, Jardim Apucarana,Rio bom, PR,86804-390,43,34231952
AUTO ELÉTRICA BRASIL,centro automotivo,Av,Minas Gerais,175, Jardim Apucarana,Rio bom, PR,86804-000,43,34222114
MECÂNICA MERCEDAUTO,centro automotivo,R,Ceará,270, Jardim Apucarana,Rio bom, PR,86804-210,43,991556347,991739382,999745633
CENTRO AUTOMOTIVO PAIVA SOUZA,centro automotivo,Av,Paraná,78, Vila Cassala,Rio bom, PR,86800-001,43,34235242
TEREZA A CASAGRANDE,centro automotivo,R,Peru,1312, Jardim Diamantina,Rio bom, PR,86804-070,43,34277401
REI DOS FREIOS,centro automotivo,Av,Brasil,510, Jardim Diamantina,Rio bom, PR,86804-410,43,34266500
AUTOELÉTRICA BR,centro automotivo,R,Benedito Ribeiro Valim,12, Núcleo Habitacional Marcos Freire,Rio bom, PR,86805-150,43,34258161
AUTOPEÇAS SKILL,centro automotivo,Av,Zilda Seixas Amaral,220 sl A, Parque Industrial Zona Norte,Rio bom, PR,86806-380,43,34240294
RANK PNEUS,centro automotivo,Av,Zilda Seixas Amaral,3578, Parque Industrial Zona Norte,Rio bom, PR,86806-380,,
WILSON AUTOPEÇAS,centro automotivo,Av,Ponta Grossa,814, Centro,Rio bom, PR,86828-000,43,34641023
AUTO MECÂNICA FERNANDES & PEREIRA LTDA M E,centro automotivo,Av,Ponta Grossa,, Centro,Rio bom, PR,86828-000,43,34641486,991538710,996124715
JC ACESSÓRIOS AUTOMOTIVOS,centro automotivo,Av,Ponta Grossa,, Centro,Rio bom, PR,86828-000,,
PARANÁ AUTOPEÇAS,centro automotivo,R,São Paulo,515,,Rio bom, PR,86840-000,43,34611483
NEUDES MENDES DE OLIVEIRA,centro automotivo,R,São Paulo,412,,Rio bom, PR,86840-000,43,34612160,999743320,999744852
T L SERVIÇOS,centro automotivo,Av,Tiradentes 300 SL,2, Jardim Shangri-lá Área,Rio bom, PR,86070-545,43,30261020,33048070,991497173
SS DIESEL BOMBAS INJETORAS,centro automotivo,Rod,BR-369 km-180,, Parque Industrial Iv,Rio bom, PR,86706-430,43,31521631,32761631
JWC COMÉRCIO E SERVIÇOS,centro automotivo,R,Arlindo Pereira de Araújo,543 INEXISTENTE, Centro,Rio bom, PR,86125-000,43,33980120,33980285,991230464
AUTO MECÂNICA PANORAMA,centro automotivo,R,Rouxinol 1579 AP,9, Vila Aparecida,Rio bom, PR,86706-190,43,32522560,32528192,988288025
BATERIAS MARCHIOLI II,centro automotivo,R,Rouxinol,1887 Arapongas, Vila Aparecida,Rio bom, PR,86706-190,43,31526032
ARABENZ OFICINA MECÂNICA,centro automotivo,Av,Maracanã,736 FDS, Vila Industrial,Rio bom, PR,86706-000,43,32522269,30554838,32523349
MACEDO BATERIAS,centro automotivo,R,Rouxinol,1758, Vila Aparecida,Rio bom, PR,86706-190,43,32528643
PAULINHO PEÇAS,centro automotivo,R,Alcatraz,35, Vila Industrial,Rio bom, PR,86706-180,43,30553748
AUTOELÉTRICA GUIZELINI,centro automotivo,R,Rene Tacola,395, Centro,Rio bom, PR,86975-000,44,32331845
CHICO LAVA CAR E MOTO EXPRESS,centro automotivo,R,Manoel Antunes Pereira,751 FUNDOS, Centro,Rio bom, PR,86975-000,44,999370852
MECÂNICA E AUTOPEÇAS ARAESCANIA,centro automotivo,R,Pega,350, Jardim Baroneza,Rio bom, PR,86706-110,43,31528980,31528981
MOACIR V SILVA,centro automotivo,R,Pega,438, Jardim Baroneza,Rio bom, PR,86706-110,43,31520305
AUTO ELÉTRICA CARRO & CIA,centro automotivo,R,Bonito-Do-Campo,319, Jardim Baroneza,Rio bom, PR,86706-130,43,988288624,988339951,999212555
BIASI AUTOPEÇAS,centro automotivo,Av,Maracanã,1097, Vila Industrial,Rio bom, PR,86706-000,43,32754348,30554348
CENTRO AUTOMOTIVO ESTRELA,centro automotivo,R,Juriti,1488, Vila Industrial,Rio bom, PR,86706-138,43,31524445
RENATO DE LIMA TURBO DIESEL,centro automotivo,Rod,BR-369 km-181,, Parque Industrial Iv,Rio bom, PR,86706-430,43,31525800
MAURO APARECIDO GARCIA - AUTO SERVIÇOS,centro automotivo,Rod,PR-444,, Jardim Petrópolis,Rio bom, PR,86702-625,43,32754900
AUTOCENTER G3,centro automotivo,R,Rouxinol,922, Vila Aratimbó,Rio bom, PR,86700-410,43,31520087
G3 AUTO CENTER,centro automotivo,R,Rouxinol,922, Vila Aratimbó,Rio bom, PR,86700-410,43,31529990
A R A F R E I O S,centro automotivo,R,Rouxinol,856 FDS, Vila Aratimbó,Rio bom, PR,86700-410,43,32524721,991213220,999574754
SALVADOR E PINE,centro automotivo,R,Rouxinol,854, Vila Aratimbó,Rio bom, PR,86700-410,43,32754545
CHAPLIN MOTOS,centro automotivo,Av,Amazonas,1645, Centro,Rio bom, PR,86975-000,44,32334328
SATURNO CENTRO AUTOMOTIVO,centro automotivo,Av,Amazonas,1810, Centro,Rio bom, PR,86975-000,44,32336002
AUTO PINTURAS MAURÍLIO,centro automotivo,R,Drongo,2135, Vila São João,Rio bom, PR,86708-300,43,32743554,991934143
TONINHO AUTOCENTER,centro automotivo,Av,Amazonas,1913, Centro,Rio bom, PR,86975-000,44,32331870
AMC - AUTO MECÂNICA CASTELINHO,centro automotivo,R,Turaco,49, Vila Bernardes,Rio bom, PR,86705-020,43,32767787
W FILM SOM E ALARMES AUTOMOTIVOS,centro automotivo,R,Quetzal,10, Vila Bernardes,Rio bom, PR,86075-062,43,32528716
AMAR ASSOCIAÇÃO DOS MOTOCICLISTAS DE ARAPONGAS E REGIÃO,centro automotivo,R,Gaturamo 486 AP,2, Jardim Primavera,Rio bom, PR,86702-001,,
AUTOELÉTRICA PETE,centro automotivo,R,Gaturamo,437, Jardim Primavera,Rio bom, PR,86702-001,43,32745611,30563611
FÁBIO ROGÉRIO MENDES,centro automotivo,R,Tucanos,1474, Centro,Rio bom, PR,86701-020,43,30561407
SHALON TINTAS E AUTOPEÇAS,centro automotivo,Av,Arapongas,2, Centro,Rio bom, PR,86700-050,43,32525000
ANDORINHAS AUTO CENTER,centro automotivo,R,das Andorinhas,605, Centro,Rio bom, PR,86700-055,43,32741610,32521280,32525218
PAPA LÉGUAS CENTRO AUTOMOTIVO,centro automotivo,Av,Amazonas,2314, Centro,Rio bom, PR,86975-000,44,32333616
BATERIAS CELTA,centro automotivo,Av,Amazonas,2331, Centro,Rio bom, PR,86975-000,44,32336896
O CORUJÃO ACESSÓRIOS,centro automotivo,R,Uirapuru,398, Centro,Rio bom, PR,86700-060,43,30553765
UIRAPURU AUTOPEÇAS,centro automotivo,R,Uirapuru,462, Centro,Rio bom, PR,86700-060,43,32523701
RECUPERADORA CATRACA,centro automotivo,R,Tricodomo,238, Vila Edio,Rio bom, PR,86705-220,43,32762644
POSTO DE MOLA CAMBE,centro automotivo,Av,Maracanã,2443, Vila Bernardes,Rio bom, PR,86705-280,43,32762005
ADÃO FERREIRA SERVIÇOS,centro automotivo,R,Mutum-Pinima,85, Vila Edio,Rio bom, PR,86705-240,43,30553311
MECÂNICA GEDAMA,centro automotivo,R,Uirapuru,846, Centro,Rio bom, PR,86700-060,43,988284840,996601110,996601112
KM PNEU MATIC,centro automotivo,R,Carrancho,300, Jardim Panorama,Rio bom, PR,86708-070,,
A.W.- PRESTADORA DE SERVIÇO DE POLIMENTO E ESPELHAMENTO,centro automotivo,R,Uirapuru,1480, Centro,Rio bom, PR,86700-130,43,30561417
AUTOPEÇAS FALCÃO,centro automotivo,R,Falcão,1015, Centro,Rio bom, PR,86700-165,43,32524719
CAR CENTER,centro automotivo,R,das Pombas,80 FUNDOS, Centro,Rio bom, PR,86701-410,43,32529055
ARAPONGAS PNEUS,centro automotivo,Av,Maracanã,2741, Vila Bernardes,Rio bom, PR,86705-280,,
CM RACING PRODUCTS,centro automotivo,R,Araras,185, Centro,Rio bom, PR,86700-085,43,30553496
SPEED RACING CENTRO AUTOMOTIVO,centro automotivo,R,Gralha-Azul,196, Vila Edio,Rio bom, PR,86705-270,43,33122000,984142723,984142987
MF CENTRO AUTOMOTIVO,centro automotivo,R,Perdizes,305, Centro,Rio bom, PR,86701-420,43,31520340,31520341
OFICINA MECÂNICA NEGY,centro automotivo,R,Faisão,1011, Vila Sampaio,Rio bom, PR,86705-548,43,31525159
AUTONORTE CENTRO AUTOMOTIVO,centro automotivo,Av,Arapongas,1173, Centro,Rio bom, PR,86700-140,43,30552007
AUTOPEÇAS E MECÂNICA RODICAR,centro automotivo,R,Sangue-De-Boi,280, Vila Araponguinha,Rio bom, PR,86705-510,43,32764664,31524665
NYTONCAR CENTRO AUTOMOTIVO,centro automotivo,Av,Siriema,22, Vila Araponguinha,Rio bom, PR,86705-500,43,32765651
CENTRO AUTOMOTIVO,centro automotivo,R,Jacutinga,510, Centro,Rio bom, PR,86700-205,43,31521502,31527575
RENATO LIMA,centro automotivo,Av,Siriema,270, Vila Araponguinha,Rio bom, PR,86705-500,43,31525804
RENATO LIMA,centro automotivo,R,Pinta-Roxo 153 km-181,, Vila Cascata,Rio bom, PR,86701-460,43,31522461
AUTO-TEC,centro automotivo,R,Uirapuru,1641, Centro,Rio bom, PR,86701-010,43,30554996,30563456,988210278
FURGÕES NOVA OPÇÃO,centro automotivo,R,Pavãozinho-Do-Pará,1817, Parque Industrial II,Rio bom, PR,86703-755,43,31528551,32747183
BORRASCA & FOSSALUZA,centro automotivo,R,Surucuá-Açu,147, Vila Araponguinha,Rio bom, PR,86705-590,43,31521036
S/C RADIADORES E ESCAPAMENTOS,centro automotivo,Av,das Indústrias LT,302,,Rio bom, PR,86975-000,44,32334513,32334484,32335053
VIDANI VEÍCULOS USADOS,centro automotivo,Av,Maracanã,3200, Vila Bernardes,Rio bom, PR,86705-280,43,31521649
KM AUTO CENTER,centro automotivo,R,Condor,308, Vila Cascata,Rio bom, PR,86701-472,43,31521500,31520217
CAR HOUSE,centro automotivo,R,Uirapuru,1839, Centro,Rio bom, PR,86701-010,43,32757549
VISION CAR,centro automotivo,Av,Arapongas,1769, Centro,Rio bom, PR,86700-140,43,32742644
AUTOCAR - PEÇAS E SERVIÇOS,centro automotivo,R,Tangará,66 FDS, Centro,Rio bom, PR,86701-350,11,32756818,22031228
CATOIA & GARCIA,centro automotivo,Av,Maracanã,3294, Vila Bernardes,Rio bom, PR,86705-280,43,32761927,32763570
JP QUÍMICA,centro automotivo,Av,Chaker Abrahim,495, Parque Industrial,Rio bom, PR,86975-000,44,32332287,32333028
ÉLCIO A MARCHIOLI,centro automotivo,R,Falcão-Mateiro,74, Jardim Portal das Flores,Rio bom, PR,86701-500,43,31522149
IMPACTO CAR,centro automotivo,R,José Henrique,115, Jardim Progresso I,Rio bom, PR,86975-000,44,32333853,999853175
IRATAUA DIESEL,centro automotivo,R,Jacuguaçu,448, Conjunto Flamingos,Rio bom, PR,86703-450,43,31528416
ANTÔNIO DE SOUZA,centro automotivo,R,Furriel-Vermelho,152, Conjunto Flamingos III,Rio bom, PR,86703-590,43,31526049
KM AUTO CENTER,centro automotivo,R,Suiriri-Do-Sul,380, Jardim San Rafael II,Rio bom, PR,86703-526,43,31521038
ALESSANDRO A ALMEIDA,centro automotivo,R,Tico-Tico-Do-Bico-Amarelo,858, Jardim Universitário,Rio bom, PR,86702-690,43,32766057
JIN ICHI OEDA E CIA,centro automotivo,R,Guaratinga,4455, Jardim Bandeirantes,Rio bom, PR,86703-010,43,31522099
S.G. FURTADO,centro automotivo,R,Guaratinga 2455B,, Jardim Bandeirantes,Rio bom, PR,86703-010,43,32767100
AUTO UNIÃO PEÇAS E SERVIÇOS,centro automotivo,R,Guaratinga,2455, Jardim Bandeirantes,Rio bom, PR,86703-010,43,32767100
AUTOPEÇAS TREVÃO,centro automotivo,R,Guaratinga,2815, Parque Industrial II,Rio bom, PR,86703-010,43,32761681,32766562
BRAUNA SERVIÇOS E MECÂNICA,centro automotivo,R,João Batista,315, Centro,Rio bom, PR,86945-000,43,999028888
ADSOM CAR,centro automotivo,R,Corifeu Azevedo Marques,328,,Rio bom, PR,86945-000,43,34511349
TOP DRY,centro automotivo,Rod,Celso Garcia Cid KM 377 1 S 1 1,, Jardim Portal de Versalhes 1,Rio bom, PR,86057-250,44,30334050,30348043
JUAREZ RIBEIRO VASCONCELOS E & CIA,centro automotivo,R,Amintas de Barros 405 AP,405, Centro,Rio bom, PR,86930-000,43,34772660
R. A. PERCEGUEIRO - LUNARDELLI,centro automotivo,Av,Pedro II,349, Centro,Rio bom, PR,86935-000,43,984315757,984325757,984335757
MAURÍCIO MARREGAS,centro automotivo,Av,Pedro II,165, Centro,Rio bom, PR,86935-000,43,984092385,984092429,984092432
LUCIANO HERNANDES NALIN,centro automotivo,Av,Cristóvão Colombo,2321, Centro,Rio bom, PR,86990-000,44,32321489,32321577,32327672
MF AUTOPEÇAS,centro automotivo,R,Washington Luiz,1129 an-2 s-208, Centro,Rio bom, PR,86990-000,44,30284657
ROLMEN COMÉRCIO DE PEÇAS AGRÍCOLAS E VEÍCULOS,centro automotivo,Av,Cristóvão Colombo,2570, Centro,Rio bom, PR,86990-000,44,32321420
ZINHO AUTO PEÇAS,centro automotivo,R,Papa João XXIII,21 lj A, Centro,Rio bom, PR,86990-000,44,30146665,30146666
CENTRAL DISTRIBUIDORA DE AUTOPEÇAS,centro automotivo,Av,Tiradentes,426, Centro,Rio bom, PR,86600-059,43,32561783
VAGNER JOSÉ GOUVÊA,centro automotivo,R,Marginal de Acesso Projetada,, Parque Industrial,Maua da serra, PR,86828-000,43,999383551,999383552,999383554
AUTO ELÉTRICA NISSEI,centro automotivo,Av,Ponta Grossa,55, Centro,Maua da serra, PR,86828-000,43,34641356
AUTO ELÉTRICA,auto eletrico,Av,Campos Sales,, Parque Industrial,Sabaudia, PR,86720-000,,
AUTO ELÉTRICA,auto eletrico,R,Jacomo Valério,41 FRENTE /LOJA /LADO esquerdo, Centro,Sabaudia, PR,86720-000,,
AUTO ELÉTRICA,auto eletrico,R,Padre Bernardo Merckel,57, Vila São José,Pitangueiras, PR,86613-000,,
AUTO ELÉTRICA RUIZ,auto eletrico,Av,Itália,110 E,,Cambira, PR,86890-000,43,999298112,999298113,999298114
AUTO ELÉTRICA RUIZ,auto eletrico,Av,Itália,110 BARRACAO, Centro,Cambira, PR,86890-000,,
AUTO ELÉTRICA,auto eletrico,R,Paul Percy Harris BARRACAO,, Parque Ind Riccieri Resquetti,Astorga, PR,86730-000,,
AUTO ELÉTRICA,auto eletrico,R,Princesa Izabel,, Nova América,Astorga, PR,86730-000,,
DE AUTO ELÉTRICA E BATERIAS,auto eletrico,Av,Rio de Janeiro,225,,Astorga, PR,86730-000,44,32344793
AUTO ELÉTRICA MONTECAR,auto eletrico,Av,São João,955, Vila Nova,Astorga, PR,86730-000,,
AUTO ELÉTRICA E MECÂNICA MONTECAR,auto eletrico,Av,São João,955, Vila Nova,Astorga, PR,86730-000,41,32342929,32346188
AUTO ELÉTRICA MODELO,auto eletrico,R,Xavantes,, Vila Edmundo Rother,Astorga, PR,86730-000,,
AUTO ELÉTRICA SATURNO,auto eletrico,Av,Ponta Grossa,, Centro,California, PR,86820-000,,
AUTO ELÉTRICA,auto eletrico,R,Timotio Pagliarini,2060 TERREO, Centro,Jandaia do sul, PR,86900-000,,
AUTO ELÉTRICA SATURNO,auto eletrico,Av,Anunciato Sonni,1721 TERREO,,Jandaia do sul, PR,86900-000,43,34327299
AUTO ELÉTRICA PARATI,auto eletrico,R,Senador Souza Naves,103,,Jandaia do sul, PR,86900-000,43,34327425
AUTO ELÉTRICA BATS,auto eletrico,R,Tancredo Neves,, Centro,Jandaia do sul, PR,86900-000,,
AUTO ELÉTRICA BRASIL,auto eletrico,Rod,BR 376 Lote 158-r-r,, Gleba Patrimônio Jandaia,Jandaia do sul, PR,86900-000,43,999795394
AUTO ELÉTRICA SATURNO,auto eletrico,Av,3 Anunciato Sonni,1721, Centro,Jandaia do sul, PR,86900-000,43,991385221,991439216,991544640
AUTO ELÉTRICA,auto eletrico,Rod,do Café Br 376,, Leão do Norte,Marilandia do sul, PR,86825-000,,
AUTO ELÉTRICA E MS MOTO,auto eletrico,Av,3 de Outubro,3 ESQ C R MARIA LUIZA,,Marilandia do sul, PR,86825-000,43,991659484
AUTO ELÉTRICA ANDRADE,auto eletrico,Av,Porecatu,410,,Prado ferreira, PR,86618-000,43,32441208
AUTO ELÉTRICA ANDRADE,auto eletrico,Av,Porecatu,410, Cidade Ferreira,Prado ferreira, PR,86618-000,,
AUTO ELÉTRICA,auto eletrico,Av,28 de Setembro,1219 OUTROS, Centro,Novo itacolomi, PR,86895-000,,
COMPANHIA PARANAENSE DE ENERGIA,auto eletrico,Av,Dona Madalena,190, Centro,Miraselva, PR,86615-000,43,32731137
ALEX AUTO ELÉTRICO,auto eletrico,R,de Caxias,168, Centro,Marumbi, PR,86910-000,43,34411777,996401924
AUTO ELÉTRICA,auto eletrico,R,Santos Dumont,, Centro,Marumbi, PR,86910-000,,
AUTO ELÉTRICA MARUMBI,auto eletrico,Av,Tiradentes,1143, Centro,Marumbi, PR,86910-000,43,999363086,999192175,999363085
AUTO ELÉTRICA GERAÇÃO,auto eletrico,Av,Paraná,1079,,Jaguapita, PR,86610-000,43,999599602
AUTO ELÉTRICA GERAÇÃO,auto eletrico,Av,Paraná,1079, 09,Jaguapita, PR,86610-000,,
AUTO ELÉTRICA,auto eletrico,R,Hiromassa Yokoyama,644, Centro,Bom sucesso, PR,86940-000,,
AUTO ELÉTRICA DO TONINHO,auto eletrico,Rod,Br369 279,, Conjunto Habitacional Caetano Serrato,Bom sucesso, PR,86940-000,,
AUTO ELÉTRICA,auto eletrico,Av,Rio Grande do Sul,, Centro,Rio bom, PR,86830-000,,
AUTO ELÉTRICA,auto eletrico,R,José Rodrigues da Silva BARRACAO /FUNDOS,, Parque Industrial,Maua da serra, PR,86828-000,,
AUTO ELÉTRICA CATARINENSE,auto eletrico,Av,Ponta Grossa,325,,Maua da serra, PR,86828-000,43,34641401
OFICINA DE AUTO ELÉTRICA,auto eletrico,Av,Ponta Grossa,295, Centro,Maua da serra, PR,86828-000,,
LUBRIFIK LUBRIFICANTE FILTROS E TROCO DE ÓLEO,troca de oleo,R,Gaturamo,410, Jardim Primavera,Sabaudia, PR,86702-001,43,32743289
LUBRIFIK LUBRIFICANTES E FILTROS,troca de oleo,R,Gaturamo,513, Jardim Primavera,Sabaudia, PR,86702-001,43,32743289,991532470,991532471
TOP LUB,troca de oleo,R,Gralha-Azul,100, Vila Edio,Sabaudia, PR,86705-270,43,31522667
TOP LUB,troca de oleo,R,Apterix,21, Vila Edio,Sabaudia, PR,86705-260,43,31520480
MULTILUB,troca de oleo,Av,Maracanã,1886, Vila Bernardes,Sabaudia, PR,86705-280,43,30552759,32752759
ARTLUB LUBRIFICANTES E FILTROS,troca de oleo,Av,Maracanã,1604, Vila Bernardes,Sabaudia, PR,86705-280,43,31526279,991774900
CENTERLUB COMÉRCIO DE LUBRIFICANTES E FILTROS,troca de oleo,R,Rouxinol,2562, Vila Aparecida,Sabaudia, PR,86706-190,43,31520809
EQUIPLUB,troca de oleo,Av,Ailton Rodrigues Alves,552, Jardim Rosangelo,Sabaudia, PR,86602-040,43,32565501
S R III INDÚSTRIA E COMÉRCIO DE LUBRIFICANTES,troca de oleo,R,José Nicola Caliento,820, Jardim Rosangelo,Sabaudia, PR,86602-342,43,32554084
EDI C RAMIRES,troca de oleo,R,Anambezinho,151, Conjunto Palmares,Sabaudia, PR,86706-380,43,32528894
FRILUB,troca de oleo,R,João Ernesto Ferreira,1252 fds, Zona 7,Sabaudia, PR,86975-000,44,32333010
ÁGUIA LUBRIFICANTES E AUTO MECÂNICA,troca de oleo,R,Doutor Munhoz da Rocha,537, Centro,Sabaudia, PR,86800-010,43,34230200
JETOIL,troca de oleo,Av,Curitiba,1428, Centro,Sabaudia, PR,86800-005,43,34232121
TROCA DE ÓLEO VOLANTE,troca de oleo,R,Doutor Oswaldo Cruz,843, Centro,Sabaudia, PR,86800-720,43,34234101
NOBRE SUPER TROCA DE ÓLEO,troca de oleo,Av,Minas Gerais,1664, Jardim Apucarana,Sabaudia, PR,86808-015,43,34224088
LUBRIVALE FILTROS E LUBRIFICANTES,troca de oleo,R,René Camargo de Azambuja,1110, Centro,Sabaudia, PR,86800-090,43,30336517
LUBRIFIKY LUBRIFICANTES,troca de oleo,Av,Getúlio Vargas,108 B TER, Centro,Sabaudia, PR,86760-000,44,32581018
MEGA PARTS DISTRIBUIDORA DE PEÇAS AUTOMOTIVAS,troca de oleo,Av,Getúlio Vargas,599 B, Centro,Sabaudia, PR,86760-000,44,999106969,32581366,999106968
LUBRIVALE FILTRO E LUBRIFICANTES,troca de oleo,Av,Minas Gerais,2579, Vila São Miguel,Sabaudia, PR,86812-490,43,34236163,30336163
FÊNIX LUBRIFICANTES,troca de oleo,Av,Inglaterra,555, Centro,Sabaudia, PR,86181-000,43,30351317
LUBRIMAR LUBRIFICANTES,troca de oleo,Av,Cristóvão Colombo,1594, Centro,Sabaudia, PR,86990-000,44,32322087
SOMAR LUBRIFICANTES,troca de oleo,Av,Cristóvão Colombo,2471, Centro,Sabaudia, PR,86990-000,,
POSTO BRASIL,troca de oleo,R,Antônio Alexandrino,8, Jardim Planalto Verde,Sabaudia, PR,86192-300,43,31549078
P S F COMÉRCIO E SERVIÇOS,troca de oleo,Av,Antônio Raminelli,1080, Parque Residencial Ana Rosa,Sabaudia, PR,86183-502,43,999150264,999150337,999150345
COMÉRCIO DE LUBRIFICANTE,troca de oleo,Av,Anunciato Sonni,1642 TERREO, Centro,Sabaudia, PR,86900-000,,
PAIVA & MARTINS,troca de oleo,Pc,Café 92 CENTRO,92,,Sabaudia, PR,86900-000,,
CASA DO ÓLEO,troca de oleo,Pc,Café,92,,Sabaudia, PR,86900-000,43,34325410
LUBRIVALLE,troca de oleo,Av,Anunciato Sonni,1642,,Sabaudia, PR,86900-000,43,34323742
LIMA & DUARTE LUBRIFICANTES,troca de oleo,Av,Jácomo Rossini 599 sl,2, Parque Residencial Ana Rosa,Sabaudia, PR,86183-650,43,32535755
PROCAR LUBRIFICANTES,troca de oleo,R,José Emiliano de Gusmão,750 s-04, Centro,Sabaudia, PR,87111-230,44,999389344
LWART LUBRIFICANTES,troca de oleo,R,Odila Toriani Lemuchi,158, Parque Alvamar,Sabaudia, PR,87113-430,,
STOP CAR,troca de oleo,Av,Deputado Borsari Neto,627, Jardim Independência,Sabaudia, PR,87113-300,44,30355200,998183019
PROCAR LUBRIFICANTE,troca de oleo,R,José Emiliano de Gusmão,744, Centro,Sabaudia, PR,87111-230,44,30350333
NN LUBRIFICANTES E CHAVEIRO,troca de oleo,Av,Maringá,2606, Jardim Nova Paulista,Sabaudia, PR,87111-001,44,30423992
TEXLUB LUBRIFICANTES,troca de oleo,Rod,Celso Garcia Cid 997,, Jardim Ana Eliza,Sabaudia, PR,86187-000,43,31741400
D P A DISTRIB PRODUTOS AUTOMOTIVOS,troca de oleo,Rod,Celso Garcia Cid 997,, Jardim Ana Eliza,Sabaudia, PR,86187-000,43,31547692
ORIGINAL LUBRIFICANTES MSX,troca de oleo,R,Salvador Jordano,721, Centro,Sabaudia, PR,87111-150,44,30353520,30420520,998824400
AUTO VEC AR,troca de oleo,R,Vereador José Fernandes,1042 B, Jardim Panorama,Sabaudia, PR,87113-010,44,30352001
NORTOIL LUBRIFICANTES,troca de oleo,R,Zygmunt Krosnowski,183 SL B, Parque Industrial,Sabaudia, PR,87045-370,,
ULTRALUBRI SOLUÇÕES AUTOMOTIVAS,troca de oleo,Av,Waldomiro Ferreira da Silva,182, Sabará I,Sabaudia, PR,86066-140,43,33573600
ROMEU'S LUBRIFICANTES,troca de oleo,Av,Dona Sophia Rasgulaeff,1957, Jardim Oásis,Sabaudia, PR,87043-010,44,30413736,30413796
COTRALUBRE COMÉRCIO DE LUBRIFICANTES,troca de oleo,Av,Tiradentes,5753, Jardim Rosicler,Sabaudia, PR,86072-000,43,33385299
NACIONAL LIBRIFICANTES,troca de oleo,Av,Arthur Thomas,1851, Rodocentro,Sabaudia, PR,86065-000,43,32944000
MULTILUBRI,troca de oleo,Av,Luigi Amorese,5885, Leonor,Sabaudia, PR,86071-020,43,30251185
CARDOSO LUBRIFICANTES E FILTROS,troca de oleo,R,Serra de Tabatinga,45, Bandeirantes,Sabaudia, PR,86065-190,43,33280595
A T LUBRIFICANTES E FILTROS,troca de oleo,Av,Arthur Thomas,1218, Rodocentro,Sabaudia, PR,86065-000,43,33570955
LUBRI 100 COM DE LUBRIFICANTES,troca de oleo,Av,Arthur Thomas,1218, Rodocentro,Sabaudia, PR,86065-000,43,33286930
INGÁ VEDLUBRIFICANTES,troca de oleo,Av,São Domingos,977, Vila Morangueira,Sabaudia, PR,87040-000,44,40012800
OVETRIL,troca de oleo,Av,Colombo,3404, Zona 07,Sabaudia, PR,87030-120,44,32689553
BRASIL FILTRO E LUBRIFICANTE,troca de oleo,Av,Brasil,1160, Zona 03,Sabaudia, PR,87050-000,44,30253700
ORIGINAL LUBRIFICANTES,troca de oleo,Av,Laguna,2310, Zona 01,Sabaudia, PR,87050-260,44,30349008
W M LUBRIFICANTES,troca de oleo,Av,Laguna,2310, Zona 01,Sabaudia, PR,87050-260,44,30317900
BORGHESI MOTOS,troca de oleo,Av,Tiradentes 2700 BOX,1, Rodocentro,Sabaudia, PR,86071-000,43,33042526,33780245
IDEAL LUBRIFICANTES,troca de oleo,Av,Colombo,3912 FDS, Zona 07,Sabaudia, PR,87030-120,,
BICUDINHO LUBRIFICANTES E TROCA DE OLEO,troca de oleo,Av,Jules Verne,185, Conjunto Santa Rita 7,Sabaudia, PR,86072-450,43,33385694
J. SILVÉRIO FERREIRA & CIA,troca de oleo,Av,Laguna,1994, Zona 01,Sabaudia, PR,87050-260,44,30289677
GERAL LUBRIFICANTES,troca de oleo,Av,Mauá,1953, Zona 03,Sabaudia, PR,87050-020,44,30315251
LUBRIFORTES FILTROS E LUBRIFICANTES,troca de oleo,Av,Colombo,4327, Zona 07,Sabaudia, PR,87030-120,44,32261240,30281842,30291842
KAKOGAWA LUBRIFICANTES,troca de oleo,Av,Kakogawa,1298, Parque das Grevileas,Sabaudia, PR,87025-000,44,30233010
BOGO FILTROS E LUBRIFICANTES,troca de oleo,Av,Arthur Thomas,325, Rodocentro,Sabaudia, PR,86065-000,43,33719700,33287345,33383100
LUBRIMAX,troca de oleo,Av,Tiradentes,1592, Jardim Shangri-lá Área,Sabaudia, PR,86070-545,43,33477489
LUBRICAR LUBRIFICANTES E FILTROS,troca de oleo,R,Abélio Benatti,4692, Jardim do Sol,Sabaudia, PR,86070-370,43,33287776
ONOBRAS LUBRIFICANTES,troca de oleo,Av,Brasília,806, Rodocentro,Sabaudia, PR,86070-020,43,33481008,33480582
LUBRIMIL,troca de oleo,Av,São Judas Tadeu,1196, Jardim Copacabana,Sabaudia, PR,87023-200,44,30313079
LUBRIMIL LUBRIFICANTES,troca de oleo,Av,São Judas Tadeu 1196 CJ 94 LT,16, Jardim Copacabana,Sabaudia, PR,87023-200,44,988263258,998166262,998538485
ÁGUIA LUBRIFICANTES,troca de oleo,Av,Colombo,5278, Zona 7,Sabaudia, PR,87030-121,44,33559000,33559050
COLIZEU COMÉRCIO ATACADISTA DE LUBRIFICANTES E DERIVADOS DE PETRÓLEO,troca de oleo,R,Arcindo Sardo,999, Jardim das Américas,Sabaudia, PR,86076-140,43,30255538
MAX-LUB LUBRIFICANTES,troca de oleo,Av,Maringá,89 s-4, Vitória,Sabaudia, PR,86060-000,43,33385969
LUCIANO L SANTOS,troca de oleo,R,Sofia Kloc 215 ap,42, Jardim Imagawa,Sabaudia, PR,86080-500,43,33470675
MAX LUB - LUBRIFICANTES,troca de oleo,Av,Maringá 89 SL,4, Vitória,Sabaudia, PR,86060-000,43,34403070,30621577,999453297
LUBRIFICANTES VIALUB,troca de oleo,Av,Colombo,6142, Jardim Universitário,Sabaudia, PR,87020-000,44,32622824
NACIONAL LUBRIFICANTES,troca de oleo,R,Pioneiro José dos Santos,144, Jardim Itaipu,Sabaudia, PR,87065-440,44,32207600
NORTOIL LUBRIFICANTES,troca de oleo,Estr,200 km-5,, Parque Industrial 200,Sabaudia, PR,87035-520,44,32675611
BF LUBRIFICANTES,troca de oleo,Av,Saul Elkind,4833, Conjunto Vivi Xavier,Sabaudia, PR,86082-000,43,33575345
COMÉRCIO E INDÚSTRIAS BRASILEIRAS COINBRA,troca de oleo,R,Nevada,225, Quebec,Sabaudia, PR,86060-238,43,33283900
INGALUB LUBRIFICANTES E FILTROS,troca de oleo,Av,Colombo,6446, Jardim Universitário,Sabaudia, PR,87020-000,44,32624900,30284999,30310269
A DOMINGUES LUBRIMAX,troca de oleo,Av,Colombo,6624, Jardim Universitário,Sabaudia, PR,87020-000,44,30298020
TOP LUB ESCAPAMENTOS,troca de oleo,Av,Doutor Alexandre Rasgulaeff,5818, Jardim Dourados,Sabaudia, PR,87040-550,44,33540013
MEGA FILTROS E LUBRIFICANTES,troca de oleo,R,João Pessoa,111, Jardim Agari,Sabaudia, PR,86020-220,43,33361119
MOTORLUB COMÉRCIO DE LUBRIFICANTES,troca de oleo,Av,Rio Branco,650, Jardim Agari,Sabaudia, PR,86025-595,43,33485510,30241573,30275512
D. S. D. COL & CIA,troca de oleo,Av,Henrique Mansano 38 SL,4, Alpes,Sabaudia, PR,86075-000,43,33283282,33226260,33282511
LUBRICENTER LUBRIFICANTES,troca de oleo,Av,Henrique Mansano,38, Alpes,Sabaudia, PR,86075-000,43,33283282
FORT LUB - LUBRIFICANTES E FILTROS,troca de oleo,R,Francisco Claret de Rezende,35, Alto da Boa Vista,Sabaudia, PR,86083-270,43,33392969
VISA LUBRIFICANTES,troca de oleo,R,Winston Churchill,1767, Coliseu,Sabaudia, PR,86080-120,43,33482302
GEVAL DISTRIBUIDORA DE LUBRIFICANTES,troca de oleo,R,Winston Churchill,325, Andes,Sabaudia, PR,86076-000,43,33483060
JETOIL,troca de oleo,Av,Higienópolis,2685, Guanabara,Sabaudia, PR,86050-000,43,33384526
GABRIEL M PAZETO,troca de oleo,R,Belo Horizonte,774 an-6, Centro,Sabaudia, PR,86020-060,43,33293766
LONDRIÓLEO,troca de oleo,R,Araguaia,584, Jardim Agari,Sabaudia, PR,86025-720,43,33250684
BELÉM LUBRIFICANTES E ACESSÓRIOS,troca de oleo,Pc,Manoel Ribas,379, Zona 04,Sabaudia, PR,87014-120,44,30291515,32639090
BELÉM LUBRIFICANTES,troca de oleo,Pc,Manoel Ribas,379, Zona 04,Sabaudia, PR,87014-120,44,30282141
CAMBE TROCA DE ÓLEO,troca de oleo,Av,Colombo,7499, Zona 07,Sabaudia, PR,87020-001,44,32253071
LUB MOTORS,troca de oleo,Av,Mandacaru,1068, Vila Santa Izabel,Sabaudia, PR,87080-000,44,30249898
MARQUINHOS AUTOCEHTER,troca de oleo,R,Guaporé,560, Jardim Palmares,Sabaudia, PR,86025-000,43,33224646
LUBRI,troca de oleo,R,Bahia,1307, Jardim Palmares,Sabaudia, PR,86025-010,43,33215811
LUBRI LÍDER LUBRIFICANTES,troca de oleo,R,Guaporé,1435, Jardim Palmares,Sabaudia, PR,86025-000,43,33213112,30243112,30263112
LUBRIVAM LUBRIFICANTES,troca de oleo,Av,Doutor Luiz Teixeira Mendes,910, Zona 04,Sabaudia, PR,87015-000,44,30265788,30254217,30255939
AUTOTROCA BAHIA,troca de oleo,R,Tibagi,373, Recreio,Sabaudia, PR,86025-270,43,33250505
L L SANTOS COMÉRCIO ATACADISTA DE LUBRIFICANTES,troca de oleo,R,Santa Catarina 50 lj,47, Centro,Sabaudia, PR,86010-470,43,33220096
SÔNIA M BAPTISTELLA,troca de oleo,R,Doutor Lisímaco Ferreira da Costa,111, Recreio,Sabaudia, PR,86025-090,43,33216290
LUFIL LUBRIFICANTES E FILTROS,troca de oleo,Av,Duque de Caxias,2698, Jardim Londrilar,Sabaudia, PR,86010-190,43,33243130
AMÉRICA DISTRIBUIDORES,troca de oleo,Av,Duque de Caxias,1859, Jardim Londrilar,Sabaudia, PR,86010-190,43,33240377
SCASIL LUBRIFICANTES,troca de oleo,R,Mato Grosso,565, Centro,Sabaudia, PR,86010-180,43,33226411
JET OIL - CONJ. VILA NOVA JÚNIOR,troca de oleo,Av,Carlos Correa Borges,1291, Conjunto Habitacional Inocente Vila Nova Jr,Sabaudia, PR,87060-000,44,33541300
LUBRIMARCAS LUBRIFICANTES,troca de oleo,R,Irmã Bona Dose,259, Santa Mônica,Sabaudia, PR,86079-380,43,33290777,33259163
LUBRINORTE,troca de oleo,R,Jorge Velho,923, Vila Larsen 1,Sabaudia, PR,86010-600,43,33566571
ITALUBRI LUBRIFICANTES,troca de oleo,Av,Lúcia Helena Gonçalves Vianna,735, Pacaembu,Sabaudia, PR,86079-180,43,30373555
ITÁLIA LUBRIFICANTES,troca de oleo,Av,Lúcia Helena Gonçalves Vianna,747, Pacaembu,Sabaudia, PR,86079-180,43,33364211
ITÁLIA SUPER TROCA DE ÓLEO,troca de oleo,Av,Lúcia Helena Gonçalves Vianna,747, Pacaembu,Sabaudia, PR,86079-180,43,33736500
ITALUBRI LUBRIFICANTES,troca de oleo,Av,Lúcia Helena Gonçalves Vianna,747, Pacaembu,Sabaudia, PR,86079-180,43,33214855
AUTOLUB,troca de oleo,Av,Duque de Caxias,5548, Vila São Caetano,Sabaudia, PR,86025-140,43,33377000
CASEDE COMÉRCIO DE LUBRIFICANTES PEÇAS E ACESSÓRIOS,troca de oleo,Av,Duque de Caxias,4010, Vila São Caetano,Sabaudia, PR,86026-070,43,30272429
DUMAX FILTROS E LUBRIFICANTES,troca de oleo,R,Uruguai,528, Centro,Sabaudia, PR,86010-210,43,33233346
LUBRIMAX,troca de oleo,R,Uruguai,528, Centro,Sabaudia, PR,86010-210,43,33296022
PHP COMERCIAL DE LUBRIFICANTES,troca de oleo,R,Antônio Octávio Scramim,1081, Zona 06,Sabaudia, PR,87015-490,44,30251305
BELGICAR LUBRIFICANTES,troca de oleo,R,Bélgica,1630, Igapó,Sabaudia, PR,86046-280,43,33419299
VA RIBEIRO,troca de oleo,Av,Dez de Dezembro,7100, Igapó,Sabaudia, PR,86046-140,43,33426561
NACIONAL,troca de oleo,Av,Dez de Dezembro,6860 SALAO, Igapó,Sabaudia, PR,86046-140,43,984037585,984072830,984073518
A T LUBRIFICANTES E FILTROS,troca de oleo,R,José da Silva,284, Taroba,Sabaudia, PR,86042-280,43,33420003
APOLO LUBRIFICANTES,troca de oleo,R,Carijós,120 bl-1 ap-31, Jardim Paraná,Sabaudia, PR,86026-530,43,33260970
SKYLUBE COMÉRCIO LUBRIFICANTES,troca de oleo,R,Santa Joaquina de Vedruna,3585, Zona 05,Sabaudia, PR,87015-151,44,32242749,30242749
AREAS LUBRIFICANTES,troca de oleo,R,Alberto de Oliveira,4426, Zona 06,Sabaudia, PR,87015-390,44,33545600
LUBRI SANTOS COM FILTROS E LUBRIFICANTES,troca de oleo,Av,Saul Elkind,1120, Conjunto Habitacional Violim,Sabaudia, PR,86084-000,43,33297798
APOLO LUBRIFICANTES,troca de oleo,Av,Dez de Dezembro,600, Lago Igapó,Sabaudia, PR,86026-220,43,33363805
M A FILTROS E LUBRIFICANTES,troca de oleo,Av,Celso Garcia Cid,1621, Vila Siam,Sabaudia, PR,86039-000,43,30244591
DISTRIBUIDORA GOMES E BATISTELLA,troca de oleo,Av,do Café,655 c-18, Conjunto Café,Sabaudia, PR,86038-000,43,33266295
LUBRIMAIS,troca de oleo,Av,São João,2145, Antares,Sabaudia, PR,86036-030,43,33399010
PAULO R SECCO,troca de oleo,Av,Robert Koch,1000 qd-07 lt-10, Operária,Sabaudia, PR,86038-350,43,33212791
CAMILA C MENEGOLO,troca de oleo,Av,Jamil Scaff 977 lj,1, Conjunto Habitacional Alexandre Urbanas,Sabaudia, PR,86037-000,43,33291480
PAIÇANDU LUBRIFICANTES,troca de oleo,Av,Campos Elísios,1174, Jardim Bela Vista,Sabaudia, PR,87140-000,44,32447140
RECILUB LUBRIFICANTES,troca de oleo,R,João Marques Nóbrega,245,,Sabaudia, PR,86200-000,43,31581527
PETROBRI COMÉRCIO DE LUBRIFICANTES,troca de oleo,R,Foz do Iguaçu,91 s-B, Jardim Ana Eliza,Pitangueiras, PR,86188-370,43,31541704
LUBRICENTER SUPER TROCA DE OLEO,troca de oleo,Av,Aviação,1101, Vila Nova,Pitangueiras, PR,86812-500,43,34239070,34239079,996044998
DISTP PRODUTOS AUTOMOTIVOS,troca de oleo,Av,Lucílio de Held,155, Coliseu,Pitangueiras, PR,86076-110,43,33283040
LUEMAN COMÉRCIO DE LUBRIFICANTES,troca de oleo,R,Guaporé,1186, Jardim Palmares,Pitangueiras, PR,86025-000,43,33296954
ALLTECH BRASIL AGROINDUSTRIAL,troca de oleo,Estr,Marisa km-3,,,Cambira, PR,86945-000,43,34511203,34518200
NEI LUBRIFICANTES,troca de oleo,Av,Ponta Grossa,, Centro,Marilandia do sul, PR,86828-000,,
CAFRAN,troca de oleo,Av,Prefeito Mário de Menezes,2261, Centro,Prado ferreira, PR,86200-000,43,32582753
LUBRIMIX CENTRO AUTOMOTIVO,troca de oleo,Av,Doutor Joaquim V Castro,1025, Centro,Marumbi, PR,86950-000,44,32721218
